raw_name,n,pct,cum_pct,mapped
NEO VT,23573,10.528,10.53,True
BO BANG,8562,3.824,14.35,True
C.LAI 5,7901,3.529,17.88,True
BAI DO TIEN GIANG,4598,2.054,19.93,True
C.LAI 7,4539,2.027,21.96,True
C.LAI 1,4524,2.021,23.98,True
BN_PH 2,4088,1.826,25.81,False
C.LAI 4,4075,1.82,27.63,True
C.LAI 3,4030,1.8,29.43,True
KV TRUNG CHUYỂN NV SOÀI RẠP 2025,3447,1.54,30.97,True
SP-ITC01,2660,1.188,32.16,True
TCHP 01,2630,1.175,33.33,True
NV LUỒNG SOÀI RẠP 2025 - THƯỢNG LƯU VÀM CỎ,2603,1.163,34.49,True
KV THI CÔNG LẤN BIỂN CẦN GIỜ,2524,1.127,35.62,True
K15C,2454,1.096,36.72,False
CẢNG QUỐC TẾ CAI MÉP (CMIT),2264,1.011,37.73,True
SP-ITC02,2120,0.947,38.67,True
BP8,1989,0.888,39.56,False
BP4,1906,0.851,40.41,False
KV THI CONG CANG MY XUAN A,1780,0.795,41.21,True
BEN DAM - CD,1746,0.78,41.99,True
BP3,1680,0.75,42.74,False
CAI MEP GEMADEPT-TERMINAL LINK,1649,0.736,43.48,True
BP7-CL,1642,0.733,44.21,False
V2,1596,0.713,44.92,False
BP2,1576,0.704,45.63,False
BP1,1525,0.681,46.31,False
BP6-CL,1512,0.675,46.98,False
4AESSO,1499,0.669,47.65,True
NV LUỒNG SOÀI RẠP 2025 - HẠ LƯU VÀM CỎ,1486,0.664,48.32,True
NB-01,1468,0.656,48.97,False
K12B,1404,0.627,49.6,False
H.PHUOC,1396,0.623,50.22,False
V4,1389,0.62,50.84,False
BẾN PHAO BVP3,1373,0.613,51.45,False
BP9,1362,0.608,52.06,False
CALTEX2,1327,0.593,52.66,True
CALTEX,1314,0.587,53.24,True
NV LUỒNG SG-VT 2025,1287,0.575,53.82,True
BP10,1252,0.559,54.38,False
VK102,1238,0.553,54.93,False
CẦU CẢNG SỐ 1 - BARIA SERECE,1202,0.537,55.47,True
3BSHELL,1174,0.524,55.99,True
CẦU CẢNG SITV,1144,0.511,56.5,True
4BSHELL,1127,0.503,57.01,True
NGOAI PHAO 0,1114,0.498,57.5,True
C.LAI 2,1101,0.492,57.99,True
APETRO,1077,0.481,58.48,False
K17,1073,0.479,58.95,False
1AESSO,1060,0.473,59.43,True
BEN CANG TKXD 102 MO RONG,1054,0.471,59.9,False
HL PTSC-7,1042,0.465,60.36,True
3AESSO,1038,0.464,60.83,True
CẦU CẢNG SỐ 1 - TCCT,1032,0.461,61.29,False
NB-02,1022,0.456,61.75,False
SPCT 1,1004,0.448,62.19,False
NB-12,1002,0.448,62.64,False
THƯƠNG CẢNG VŨNG TÀU,993,0.443,63.08,True
MỎ BẠCH HỔ,988,0.441,63.53,True
PL03,985,0.44,63.97,False
CẦU CẢNG TỔNG HỢP THỊ VẢI (ODA),980,0.438,64.4,True
1BSHELL,976,0.436,64.84,True
VSPT-7,940,0.42,65.26,True
BẾN CẢNG XI MĂNG HẠ LONG - CẦU CẢNG SỐ 1,919,0.41,65.67,True
A12,900,0.402,66.07,False
VSPT-8,895,0.4,66.47,True
K12,891,0.398,66.87,False
K12A,879,0.393,67.26,False
CẦU CẢNG SỐ 1 - SSIT,876,0.391,67.65,True
K18,858,0.383,68.04,False
CHINFON,855,0.382,68.42,True
PVOIL 1,843,0.377,68.79,True
U MAR1,816,0.364,69.16,False
PVGAS-2,806,0.36,69.52,True
HL PTSC-3,806,0.36,69.88,True
BN_PH 1,797,0.356,70.24,False
HL PTSC-2,795,0.355,70.59,True
VSPT-9,784,0.35,70.94,True
K15,783,0.35,71.29,False
BP11,778,0.347,71.64,False
GG-01,745,0.333,71.97,False
CẦU CẢNG TCTT,731,0.326,72.3,True
BPETRO,703,0.314,72.61,False
K15B,685,0.306,72.92,False
CẦU CẢNG SỐ 1 - SP-PSA,684,0.305,73.22,True
K16,680,0.304,73.53,False
TAN.T.2,646,0.289,73.81,False
HL PTSC-5,644,0.288,74.1,True
TTD,625,0.279,74.38,False
P.HUU 1,616,0.275,74.66,False
CẦU 2 - TỔNG HỢP CÁI MÉP,605,0.27,74.93,True
SPCT 2,604,0.27,75.2,False
NB-11,603,0.269,75.47,False
K12C,602,0.269,75.73,False
NB-10,590,0.264,76.0,False
K1,581,0.259,76.26,False
CẦU CẢNG SỐ 1 - PTSC PHÚ MỸ,572,0.255,76.51,True
NB-13,561,0.251,76.76,False
2ASHELL,525,0.234,77.0,True
SR-44,523,0.234,77.23,False
NB-07,514,0.23,77.46,False
BP5-CL,505,0.226,77.69,False
PVOIL 2,502,0.224,77.91,True
XMTL 1,500,0.223,78.13,True
BP7-HOANG MINH,497,0.222,78.36,False
NB-06,495,0.221,78.58,False
PVGAS-1,495,0.221,78.8,True
NB-03,488,0.218,79.02,False
CẦU CẢNG SỐ 1 - QT THỊ VẢI,484,0.216,79.23,True
TE GIAC TRANG,484,0.216,79.45,True
NB-04,477,0.213,79.66,False
ELF GAS,476,0.213,79.87,True
NB-09,473,0.211,80.09,False
CẦU CẢNG SỐ 2 - TCIT,471,0.21,80.3,True
CÀU CẢNG NHÔ,456,0.204,80.5,True
CẦU 1 - CANG DVCN LONG SON,452,0.202,80.7,False
U MAR2,450,0.201,80.9,False
CẦU CẢNG SỐ 2 - SP-PSA,450,0.201,81.1,True
CẦU CẢNG SỐ 1 - QT LONG AN,445,0.199,81.3,True
PL05,445,0.199,81.5,False
CẦU CẢNG SỐ 3 - TCIT,426,0.19,81.69,True
SOWATCO-ĐT2,425,0.19,81.88,False
FICO,423,0.189,82.07,True
HL PTSC-6,423,0.189,82.26,True
BP12,421,0.188,82.45,False
CẦU CẢNG CHUYÊN DUNG KHO XD PTSC (CÙ LAO TÀO),413,0.184,82.63,True
NB-08,410,0.183,82.81,False
HL2,404,0.18,82.99,False
BP13,402,0.18,83.17,False
V1,401,0.179,83.35,False
NB-05,400,0.179,83.53,False
SR-08,397,0.177,83.71,False
TL10,387,0.173,83.88,False
CẦU CẢNG KHU CÔNG NGHIỆP ĐÔNG XUYÊN,387,0.173,84.06,True
HL PTSC-4,383,0.171,84.23,True
CẦU CẢNG SỐ 2 - QT LONG AN,380,0.17,84.4,True
CẦU CẢNG SỐ 2 - BA SON,380,0.17,84.57,True
CẦU CẢNG SỐ 1- NM THEP PHU MY,379,0.169,84.73,True
SR-09,377,0.168,84.9,False
POSCO,376,0.168,85.07,True
CAU CANG SO 2 SG-HP,375,0.167,85.24,False
TL11,372,0.166,85.4,False
PL04,371,0.166,85.57,False
HL3,368,0.164,85.73,False
CẦU CẢNG SỐ 1- HĐ 129,361,0.161,85.9,True
CAU CANG SO 3 SG-HP,360,0.161,86.06,False
SR-07,356,0.159,86.22,False
SOWATCO-ĐT1,351,0.157,86.37,False
BP14 - CSG,348,0.155,86.53,False
MO RONG,337,0.151,86.68,True
BP13 - CSG,329,0.147,86.83,False
CẦU CẢNG SỐ 7 - QT LONG AN,321,0.143,86.97,True
BP12 - CSG,319,0.142,87.11,False
SR-39,312,0.139,87.25,False
CẦU CẢNG SỐ 5 – QT LONG AN,310,0.138,87.39,True
B20NR,308,0.138,87.53,False
CẦU CẢNG SỐ 6 – QT LONG AN,306,0.137,87.66,True
CẦU CẢNG SỐ 2 - PTSC PHÚ MỸ,304,0.136,87.8,True
CẦU CẢNG CỦA CTY TNHH HÀ LỘC,302,0.135,87.93,True
CẦU CẢNG SỐ 1 - XMCP,294,0.131,88.07,True
VSPT-1,294,0.131,88.2,True
BP-SR5,291,0.13,88.33,False
BP-SR3,289,0.129,88.46,False
CAU CANG SO 2,289,0.129,88.58,False
B.DONG2,286,0.128,88.71,False
BP10 - CSG,281,0.126,88.84,False
MỎ ĐẠI HÙNG,278,0.124,88.96,True
XĂNG DẦU PETRO VŨNG TÀU,275,0.123,89.08,True
SR-10,274,0.122,89.21,False
CẢNG SAO MAI,274,0.122,89.33,True
KV TRUNG CHUYỂN NV TCIT 2025,272,0.121,89.45,True
CALOFIC,270,0.121,89.57,True
HL1,265,0.118,89.69,False
BP-SR4,264,0.118,89.81,False
CAU CANG 2.200 DWT,261,0.117,89.92,False
NB-18,259,0.116,90.04,False
BP3_BN,256,0.114,90.15,False
S.MARIN,256,0.114,90.27,False
TRUONG AN 01,253,0.113,90.38,False
CẦU CẢNG SỐ 2 - QT THỊ VẢI,252,0.113,90.49,True
CẦU CẢNG SỐ 3 – QT LONG AN,251,0.112,90.61,True
BẾN PHAO BP2 - ITC,248,0.111,90.72,False
X51,247,0.11,90.83,False
CAU CANG SO 1 SG-HP,245,0.109,90.94,False
B2 FCON,244,0.109,91.05,False
HL PTSC-1,242,0.108,91.15,True
B.PM 1,240,0.107,91.26,False
B.TT8,234,0.105,91.37,False
SOWATCO-ĐT3,230,0.103,91.47,False
SR-06,230,0.103,91.57,False
P.HUU 2,230,0.103,91.67,False
SAO MAI,229,0.102,91.78,True
B.TT5,218,0.097,91.87,False
B.PM 3,216,0.096,91.97,False
B.TT4,215,0.096,92.07,False
M4,214,0.096,92.16,False
MỎ RẠNG ĐÔNG,213,0.095,92.26,True
CẦU CẢNG SỐ 2 - HĐ 129,210,0.094,92.35,True
CẦU CẢNG SỐ 4 – QT LONG AN,206,0.092,92.44,True
VC-SSV1,205,0.092,92.53,False
VSPT-2,203,0.091,92.62,True
B MAR3,202,0.09,92.72,False
VSPT-4,202,0.09,92.81,True
SR-6A,201,0.09,92.9,False
BÃI ĐỔ CẦN GIỜ,199,0.089,92.98,True
BTB4,195,0.087,93.07,False
NMTB,187,0.084,93.15,False
B.TT9,187,0.084,93.24,False
CẦU CẢNG HYDROCARBON SỐ 1,187,0.084,93.32,False
CÔN ĐẢO - VŨNG TÀU,184,0.082,93.4,True
CATLAI 4-5,183,0.082,93.49,True
VC-SSV2,181,0.081,93.57,False
VSPT-0,177,0.079,93.65,True
K6,173,0.077,93.72,False
B.TT2,173,0.077,93.8,False
VSPT-3,167,0.075,93.87,True
G16,165,0.074,93.95,False
K5,164,0.073,94.02,False
PVC-MS,164,0.073,94.09,False
BTL6/8,163,0.073,94.17,False
CT-SR7,162,0.072,94.24,False
POSCO YAMATO VINA,159,0.071,94.31,True
CAU CANG SO 1- PETEC CM,157,0.07,94.38,False
B.PM 2,150,0.067,94.45,False
SR-40,147,0.066,94.51,False
SR-34,147,0.066,94.58,False
RỒNG ĐÔI,147,0.066,94.64,True
K7,146,0.065,94.71,False
CẦU CẢNG SỐ 1 - PV SHIPYARD,146,0.065,94.78,False
K2 - XD K2,144,0.064,94.84,False
CẦU CẢNG SỐ 3 - HĐ 129,143,0.064,94.9,False
BP11 - CSG,141,0.063,94.97,False
HYOSUNG VINA CHEMICALS,141,0.063,95.03,False
H02,139,0.062,95.09,False
THUYDOI,138,0.062,95.15,False
SR-23,136,0.061,95.21,False
VARD PORT,136,0.061,95.27,False
SR-46,134,0.06,95.33,False
CẢNG DẦU KHÍ NGOÀI KHƠI SAO VÀNG - ĐẠI NGUYỆT,134,0.06,95.39,False
K9,133,0.059,95.45,False
TL4,132,0.059,95.51,False
CG-01,130,0.058,95.57,False
SR-21,130,0.058,95.63,False
K10,130,0.058,95.69,False
U SSIC,129,0.058,95.74,False
INTERFLOUR-1,128,0.057,95.8,False
LATACA,125,0.056,95.86,False
TL2,125,0.056,95.91,False
VUNG NEO VUNG TAU,125,0.056,95.97,False
SR-22,123,0.055,96.02,False
PHÂN CẢNG DVDK VŨNG TÀU (TL PTSC),123,0.055,96.08,False
SR-11,122,0.054,96.13,False
BẾN CẢNG VẠN AN,122,0.054,96.19,False
B27A,118,0.053,96.24,False
HAI THACH-MOC TINH,116,0.052,96.29,False
DỊCH VỤ BIỂN,116,0.052,96.34,False
CHIM SAO,115,0.051,96.4,False
INTERFLOUR-2,115,0.051,96.45,False
K8,113,0.05,96.5,False
SR-42,112,0.05,96.55,False
SCTN MŨI AN THẠNH,110,0.049,96.6,False
H.G II,109,0.049,96.65,False
CẦU CẢNG HYDROCARBON SỐ 2,106,0.047,96.69,False
PHAO 5,105,0.047,96.74,False
BTB3,104,0.046,96.79,False
SR-41,103,0.046,96.83,False
SR-33,102,0.046,96.88,False
B11,100,0.045,96.92,False
NASOS,98,0.044,96.97,False
TRUONG AN 06,96,0.043,97.01,False
G12,95,0.042,97.05,False
KHU NEO ĐẬU TẠM THỜI CÔN ĐẢO,92,0.041,97.09,False
CẦU SỐ 1,89,0.04,97.13,False
K4,89,0.04,97.17,False
SCC-VN CẦU CẢNG SỐ 1,86,0.038,97.21,False
NEO PHAO 0,86,0.038,97.25,False
B27B,85,0.038,97.29,False
B22,84,0.038,97.32,False
H07,83,0.037,97.36,False
SR-26,81,0.036,97.4,False
K12C1,80,0.036,97.43,False
BẾN PHAO BP3 - ITC,80,0.036,97.47,False
SR-24,79,0.035,97.5,False
F7,79,0.035,97.54,False
NB-19,78,0.035,97.57,False
SOWATCO-TL9,77,0.034,97.61,False
U.ANPHU,75,0.033,97.64,False
I9,74,0.033,97.68,False
B29A,73,0.033,97.71,False
G10,73,0.033,97.74,False
V3,72,0.032,97.77,False
F6,72,0.032,97.8,False
CẦU CẢNG SỐ 2 - PV SHIPYARD,72,0.032,97.84,False
SR-13,70,0.031,97.87,False
CẦU CẢNG SỐ 1 - BA SON,70,0.031,97.9,False
G15,69,0.031,97.93,False
BẾN PHAO BP1 - ITC CÁI MÉP,65,0.029,97.96,False
AN PHU,64,0.029,97.99,False
G13,61,0.027,98.02,False
G11,61,0.027,98.04,False
PHÂN CẢNG DỊCH VỤ DẦU KHÍ (THƯỢNG LƯU PTSC),61,0.027,98.07,False
F8,60,0.027,98.1,False
"CẦU K16, K17, K18",60,0.027,98.12,False
G8,59,0.026,98.15,False
NEO NB,59,0.026,98.18,False
G14,58,0.026,98.2,False
BẾN CẢNG ĐÓNG TÀU VÀ CÔNG NGHIỆP HÀNG HẢI SÀI GÒN/ NẠO VÉT 2026,58,0.026,98.23,False
SR-14,57,0.025,98.25,False
CẦU CẢNG 49.000 DWT - PACIFIC PETRO,56,0.025,98.28,False
SR-38,55,0.025,98.3,False
H03,54,0.024,98.33,False
CG-05,51,0.023,98.35,False
B29B,50,0.022,98.37,False
SR-30,50,0.022,98.39,False
NV BẾN CẢNG BARIA SERECE,50,0.022,98.42,False
CẦU CẢNG SỐ 2 - MỸ XUÂN A,50,0.022,98.44,False
U XN76,48,0.021,98.46,False
NEO VUNG TAU,48,0.021,98.48,False
PVOIL MIEN DONG,48,0.021,98.5,False
K2,47,0.021,98.52,False
U X51,47,0.021,98.55,False
SR-45,46,0.021,98.57,False
SR-28,46,0.021,98.59,False
LAN TÂY-LAN ĐỎ,46,0.021,98.61,False
G1,46,0.021,98.63,False
CẦU CẢNG XÂY DỰNG,46,0.021,98.65,False
SR-25,44,0.02,98.67,False
VSPT-6,44,0.02,98.69,False
BP17,44,0.02,98.71,False
H09,43,0.019,98.73,False
K3,42,0.019,98.74,False
CG-03,42,0.019,98.76,False
TCHP 02,42,0.019,98.78,False
CG-19,42,0.019,98.8,False
G4,41,0.018,98.82,False
SR-36,40,0.018,98.84,False
CG-09,40,0.018,98.86,False
G7,40,0.018,98.87,False
G3,39,0.017,98.89,False
CẦU CẢNG SỐ 2 - VARD,39,0.017,98.91,False
CẦU CẢNG 1000 DWT,38,0.017,98.92,False
B4 PNAM,37,0.017,98.94,False
SR-12,37,0.017,98.96,False
VSPT-5,37,0.017,98.97,False
M3,36,0.016,98.99,False
SR-20,36,0.016,99.01,False
VUNG TAU SHIPYARD,36,0.016,99.02,False
G2,35,0.016,99.04,False
CG-04,34,0.015,99.05,False
TL-07,34,0.015,99.07,False
SR-27,33,0.015,99.08,False
B7,33,0.015,99.1,False
H22,33,0.015,99.11,False
PHƯỚC AN,33,0.015,99.13,False
M2,32,0.014,99.14,False
G9,32,0.014,99.16,False
G5,32,0.014,99.17,False
PHUOC AN,32,0.014,99.18,False
NVDT CẢNG HẢI ĐỘI 301/BTL,32,0.014,99.2,False
SR-29,31,0.014,99.21,False
KHU VUC BIEN TIEN GIANG,30,0.013,99.23,False
"PHAO ""0""",30,0.013,99.24,False
BP8-HUNG THAI,29,0.013,99.25,False
B9,29,0.013,99.27,False
H18,28,0.013,99.28,False
V1 - CLR,26,0.012,99.29,False
XMTL 2,26,0.012,99.3,True
CG-02,26,0.012,99.31,False
SR-18,26,0.012,99.32,False
I2,26,0.012,99.34,False
SR-35,25,0.011,99.35,False
SR-19,25,0.011,99.36,False
H10,25,0.011,99.37,False
H13,25,0.011,99.38,False
H08,25,0.011,99.39,False
B6,25,0.011,99.4,False
F9,25,0.011,99.41,False
CẦU CẢNG SỐ 1 - HYDROCARBON,25,0.011,99.43,False
SR-37,24,0.011,99.44,False
SR-15,24,0.011,99.45,False
H21,24,0.011,99.46,False
I7,24,0.011,99.47,False
TL-01,23,0.01,99.48,False
B8,23,0.01,99.49,False
PHAO 1,23,0.01,99.5,False
VSPT-NẠO VÉT 2026,23,0.01,99.51,False
TL-11,22,0.01,99.52,False
I12,22,0.01,99.53,False
BTB2,21,0.009,99.54,False
SR-17,21,0.009,99.55,False
H01,21,0.009,99.56,False
H11,21,0.009,99.57,False
CAU CANG SO 3,21,0.009,99.58,False
PHAO CLT,21,0.009,99.59,False
H20,19,0.008,99.59,False
H12,19,0.008,99.6,False
G6,19,0.008,99.61,False
CẦU CẢNG XÂY DỰNG - HOÁ DẦU LONG SƠN,19,0.008,99.62,False
CẢNG THỦY NỘI ĐỊA PHƯỚC AN,19,0.008,99.63,False
BẾN DL CÁP TREO VŨNG TÀU,19,0.008,99.64,False
B.DONG,18,0.008,99.64,False
CẦU CẢNG NHẬP NGUYÊN VẬT LIỆU FU-I,18,0.008,99.65,False
CẦU CẢNG SỐ 2 - KHO XD CÙ LAO TÀO,18,0.008,99.66,False
K14,18,0.008,99.67,False
V2 - CLR,17,0.008,99.68,False
TL-03,16,0.007,99.68,False
I1,16,0.007,99.69,False
TL-02,15,0.007,99.7,False
I4,14,0.006,99.7,False
I13,14,0.006,99.71,False
CẦU CẢNG SỐ 2 - HYDROCARBON,14,0.006,99.72,False
KHU VỰC NẠO VÉT LUỒNG SOÀI RẠP,14,0.006,99.72,False
BẾN CẢNG XI MĂNG HẠ LONG - CẦU CẢNG SỐ 2,13,0.006,99.73,False
KHU VUC PHAO 2 LUONG VUNG TAU-THI VAI,13,0.006,99.73,True
CG-06,12,0.005,99.74,False
SR-16,12,0.005,99.74,False
TL-09,12,0.005,99.75,False
SR-31,12,0.005,99.76,False
I10,12,0.005,99.76,False
I11,12,0.005,99.77,False
PHAO 51 VT-TV,12,0.005,99.77,False
PHAO 6,12,0.005,99.78,False
CẦU CẢNG SỐ 2 (BẾN SÀ LAN) - SSIT,12,0.005,99.78,False
HL 02,12,0.005,99.79,False
CG-13,12,0.005,99.79,False
I19,11,0.005,99.8,False
I20,11,0.005,99.8,False
B5,11,0.005,99.81,False
TL-06,10,0.004,99.81,False
CG-15,10,0.004,99.82,False
I14,10,0.004,99.82,False
H19,10,0.004,99.83,False
CẦU CẢNG TẠM PHỤC VỤ THI CÔNG DỰ ÁN KHU ĐÔ THỊ LẤN BIỂN CẦN GIỜ,10,0.004,99.83,False
CẦU CẢNG SỐ 3 - QT THỊ VẢI,10,0.004,99.83,False
KHU VỰC ĐÓN TRẢ HOA TIÊU,10,0.004,99.84,False
NAVIOIL2,9,0.004,99.84,False
B.ITC 3,9,0.004,99.85,False
CG-17,9,0.004,99.85,False
K11,9,0.004,99.85,False
NEO SAO MAI,9,0.004,99.86,False
I18,9,0.004,99.86,False
XĂNG DẦU PTSC,9,0.004,99.87,False
I6,9,0.004,99.87,False
CG-07,9,0.004,99.87,False
SR-43,8,0.004,99.88,False
P.HUU 3,8,0.004,99.88,False
SR-32,8,0.004,99.89,False
TL-08,8,0.004,99.89,False
TL-10,8,0.004,99.89,False
I5,8,0.004,99.9,False
CẦU CẢNG HẠ LƯU PTSC PHÂN ĐOẠN 9-17,8,0.004,99.9,False
CG-16,7,0.003,99.9,False
I16,7,0.003,99.91,False
I17,7,0.003,99.91,False
PHAO 15,7,0.003,99.91,False
NAVIOIL,6,0.003,99.92,False
CG-18,6,0.003,99.92,False
CG-10,6,0.003,99.92,False
SR-03,6,0.003,99.92,False
B4,6,0.003,99.93,False
BẾN CẢNG TÀU KHÁCH VŨNG TÀU (CẦU ĐÁ),6,0.003,99.93,False
"CẦU CẢNG NEO ĐẬU TÀU, CA NÔ CÔNG VỤ QUẬN 7",6,0.003,99.93,False
CẦU CẢNG SỐ 2 - NM THEP PHU MY,5,0.002,99.93,True
TL-05,4,0.002,99.94,False
GG-3,4,0.002,99.94,False
CẦU CẢNG SÀ LAN SỐ 2 - XM NGHI SƠN,4,0.002,99.94,False
CG-12,4,0.002,99.94,False
I15,4,0.002,99.94,False
CẦU CẢNG SỐ 3 - PTSC PHÚ MỸ,4,0.002,99.94,False
I3,4,0.002,99.95,False
NEO SAO MAI VT,4,0.002,99.95,False
K13,4,0.002,99.95,False
KV THI CÔNG ĐƯỜNG DÂY 110KV NHÀ BÈ - AN NGHĨA,4,0.002,99.95,False
NGOÀI KHƠI VŨNG TÀU,4,0.002,99.95,False
CẦU CẢNG SÀ LAN SỐ 1 - TCCT,4,0.002,99.95,False
B MAR2,3,0.001,99.96,False
CẦU CẢNG SỐ 3 - BARIA SERECE,3,0.001,99.96,False
PHAO 43 VT-TV,3,0.001,99.96,False
KHU VỰC THI CÔNG CẦU PHƯỚC AN,3,0.001,99.96,False
CẦU 1,3,0.001,99.96,False
V3 - CLR,2,0.001,99.96,False
NB-17,2,0.001,99.96,False
BẾN PHAO NAM SÔNG HẬU PETRO,2,0.001,99.96,False
CHINFO2,2,0.001,99.97,False
TL-04,2,0.001,99.97,False
SR-05,2,0.001,99.97,False
BP-SG02,2,0.001,99.97,False
V4 - CLR,2,0.001,99.97,False
CẦU SỐ 2,2,0.001,99.97,False
NB-14,2,0.001,99.97,False
CẦU CẢNG XĂNG DẦU SOÀI RẠP - HIỆP PHƯỚC,2,0.001,99.97,False
BTB1,2,0.001,99.97,False
NB-16,2,0.001,99.97,False
SÔNG ĐỒNG NAI,2,0.001,99.97,False
BBASON,2,0.001,99.97,False
I8,2,0.001,99.98,False
H23,2,0.001,99.98,False
PHAO SO 17,2,0.001,99.98,False
TS CAT LO,2,0.001,99.98,False
H15,2,0.001,99.98,False
NEO VT (SAO MAI),2,0.001,99.98,False
H06,2,0.001,99.98,False
Ụ NỔI 8500,2,0.001,99.98,False
PHAO 12,2,0.001,99.98,False
PHAO 51,2,0.001,99.98,False
H25,2,0.001,99.98,False
NAO VET CAU TAU HAI DOI 3,2,0.001,99.99,False
BAI DO NAO VET CAU TAU HAI DOI 3,2,0.001,99.99,False
CẦU CẢNG SỐ 2 - BARIA SERECE,2,0.001,99.99,False
KHU NEO ĐẬU TẠM THỜI TẠI CÔN ĐẢO,2,0.001,99.99,False
B1,2,0.001,99.99,False
CẦU CẢNG SÀ LAN SỐ 2 - TCCT,2,0.001,99.99,False
G. RAI,2,0.001,99.99,False
M1,2,0.001,99.99,False
"NEO PHAO ""0""",2,0.001,99.99,False
BẾN PHAO HOÀNG NGUYÊN,2,0.001,99.99,False
DIEN HP,1,0.0,99.99,False
H14,1,0.0,99.99,False
Ụ NỔI 8850 T,1,0.0,100.0,False
VUNG HT4,1,0.0,100.0,False
HQ 129,1,0.0,100.0,False
CẦU CẢNG HẠ LƯU PTSC PHÂN ĐOẠN 1-8,1,0.0,100.0,False
H04,1,0.0,100.0,False
CẦU CẢNG SỐ 2 - XMCP,1,0.0,100.0,False
CẦU CẢNG SÀ LAN SỐ 3 - TCCT,1,0.0,100.0,False
SÀN NÂNG TÀU 4500T,1,0.0,100.0,False
CG-14,1,0.0,100.0,False
CẦU DẪN,1,0.0,100.0,False
BTB2/3,1,0.0,100.0,False
BP5-HAIAN,1,0.0,100.0,False
